30
Ajay Dubey,9901234589,ajay.dubey@email.com
Amit Sinha,9345678923,amit.sinha@email.com
Anjali Sharma,9876543210,anjali.sharma@email.com
Arjun Reddy,8789012345,arjun.reddy@email.com
Deepak Jain,9123456701,deepak.jain@email.com
Divya Menon,8890123456,divya.menon@email.com
Gaurav Bansal,9567890145,gaurav.bansal@email.com
Baba,5435436833,jnvj@bhb.com
Karan Mehta,8123456789,karan.mehta@email.com
Kavita Shah,9012345678,kavita.shah@email.com
manish,9873822187,manish@gdn.com
Meena Iyer,8678901234,meena.iyer@email.com
Neha Desai,8456789012,neha.desai@email.com
Nitin Saxena,9789012367,nitin.saxena@email.com
Omkar Sawant,7498459664,omkarbro2510@gmail.com
Pooja Nair,8234567890,pooja.nair@email.com
Preeti Yadav,9890123478,preeti.yadav@email.com
Priya Singh,9988776655,priya.singh@email.com
Rahul Gupta,8345678901,rahul.gupta@email.com
Rashmi Pandey,9812345690,rashmi.pandey@email.com
Ritu Agarwal,9234567812,ritu.agarwal@email.com
Rohit Verma,9123456780,rohit.verma@email.com
Sanjay Rao,8901234567,sanjay.rao@email.com
Shilpa Kaur,9678901256,shilpa.kaur@email.com
shubs,7757949350,shubs@gmail.com
Sneha Joshi,8899776655,sneha.joshi@email.com
Sunita Mishra,9456789034,sunita.mishra@email.com
Suresh Kumar,8567890123,suresh.kumar@email.com
Vikas Patel,9001122334,vikas.patel@email.com
shubham,1234567890,xyz@gmail.com
